"Longitude (x)","Latitude (y)","Station Name","Climate ID","Date/Time","Year","Month","Day","Data Quality","Max Temp (°C)","Max Temp Flag","Min Temp (°C)","Min Temp Flag","Mean Temp (°C)","Mean Temp Flag","Heat Deg Days (°C)","Heat Deg Days Flag","Cool Deg Days (°C)","Cool Deg Days Flag","Total Rain (mm)","Total Rain Flag","Total Snow (cm)","Total Snow Flag","Total Precip (mm)","Total Precip Flag","Snow on Grnd (cm)","Snow on Grnd Flag","Dir of Max Gust (10s deg)","Dir of Max Gust Flag","Spd of Max Gust (km/h)","Spd of Max Gust Flag"
"-71.39","46.79","QUEBEC INTL A","7016293","2019-01-01","2019","01","01","","1.8","","-20.8","","-9.5","","27.5","","0.0","","","M","","M","","M","","","","M","","M"
"-71.39","46.79","QUEBEC INTL A","7016293","2019-01-02","2019","01","02","","-16.4","","-24.7","","-20.6","","38.6","","0.0","","","M","","M","","M","","","","M","","M"
"-71.39","46.79","QUEBEC INTL A","7016293","2019-01-03","2019","01","03","","-8.2","","-17.2","","-12.7","","30.7","","0.0","","","M","","M","","M","","","","M","","M"
"-71.39","46.79","QUEBEC INTL A","7016293","2019-01-04","2019","01","04","","0.9","","-8.8","","-4.0","","22.0","","0.0","","","M","","M","","M","","","","M","","M"
"-71.39","46.79","QUEBEC INTL A","7016293","2019-01-05","2019","01","05","","1.6","","-2.5","","-0.5","","18.5","","0.0","","","M","","M","","M","","","","M","","M"
"-71.39","46.79","QUEBEC INTL A","7016293","2019-01-06","2019","01","06","","-0.8","","-15.2","","-8.0","","26.0","","0.0","","","M","","M","","M","","","","M","","M"
"-71.39","46.79","QUEBEC INTL A","7016293","2019-01-07","2019","01","07","","-10.4","","-21.0","","-15.7","","33.7","","0.0","","","M","","M","","M","","","","M","","M"
"-71.39","46.79","QUEBEC INTL A","7016293","2019-01-08","2019","01","08","","-2.7","","-10.3","","-6.5","","24.5","","0.0","","","M","","M","","M","","","","M","","M"
"-71.39","46.79","QUEBEC INTL A","7016293","2019-01-09","2019","01","09","","-1.2","","-3.3","","-2.3","","20.3","","0.0","","","M","","M","","M","","","","M","","M"
"-71.39","46.79","QUEBEC INTL A","7016293","2019-01-10","2019","01","10","","-0.6","","-13.5","","-7.1","","25.1","","0.0","","","M","","M","","M","","","","M","","M"
"-71.39","46.79","QUEBEC INTL A","7016293","2019-01-11","2019","01","11","","-13.5","","-18.6","","-16.1","","34.1","","0.0","","","M","","M","","M","","","","M","","M"
"-71.39","46.79","QUEBEC INTL A","7016293","2019-01-12","2019","01","12","","-14.3","","-20.8","","-17.6","","35.6","","0.0","","","M","","M","","M","","","","M","","M"
"-71.39","46.79","QUEBEC INTL A","7016293","2019-01-13","2019","01","13","","-10.4","","-22.2","","-16.3","","34.3","","0.0","","","M","","M","","M","","","","M","","M"
"-71.39","46.79","QUEBEC INTL A","7016293","2019-01-14","2019","01","14","","-12.0","","-20.9","","-16.5","","34.5","","0.0","","","M","","M","","M","","","","M","","M"
"-71.39","46.79","QUEBEC INTL A","7016293","2019-01-15","2019","01","15","","-7.3","","-15.5","","-11.4","","29.4","","0.0","","","M","","M","","M","","","","M","","M"
"-71.39","46.79","QUEBEC INTL A","7016293","2019-01-16","2019","01","16","","-1.1","","-20.9","","-11.0","","29.0","","0.0","","","M","","M","","M","","","","M","","M"
"-71.39","46.79","QUEBEC INTL A","7016293","2019-01-17","2019","01","17","","-19.3","","-26.8","","-23.1","","41.1","","0.0","","","M","","M","","M","","","","M","","M"
"-71.39","46.79","QUEBEC INTL A","7016293","2019-01-18","2019","01","18","","-8.7","","-19.9","","-14.3","","32.3","","0.0","","","M","","M","","M","","","","M","","M"
"-71.39","46.79","QUEBEC INTL A","7016293","2019-01-19","2019","01","19","","-18.2","","-27.3","","-22.8","","40.8","","0.0","","","M","","M","","M","","","","M","","M"
"-71.39","46.79","QUEBEC INTL A","7016293","2019-01-20","2019","01","20","","-13.4","","-20.2","","-16.8","","34.8","","0.0","","","M","","M","","M","","","","M","","M"
"-71.39","46.79","QUEBEC INTL A","7016293","2019-01-21","2019","01","21","","-15.2","","-19.7","","-17.5","","35.5","","0.0","","","M","","M","","M","","","","M","","M"
"-71.39","46.79","QUEBEC INTL A","7016293","2019-01-22","2019","01","22","","-15.2","","-23.3","","-19.3","","37.3","","0.0","","","M","","M","","M","","","","M","","M"
"-71.39","46.79","QUEBEC INTL A","7016293","2019-01-23","2019","01","23","","-5.5","","-17.4","","-11.5","","29.5","","0.0","","","M","","M","","M","","","","M","","M"
"-71.39","46.79","QUEBEC INTL A","7016293","2019-01-24","2019","01","24","","-0.1","","-5.5","","-2.8","","20.8","","0.0","","","M","","M","","M","","","","M","","M"
"-71.39","46.79","QUEBEC INTL A","7016293","2019-01-25","2019","01","25","","-4.6","","-14.4","","-9.5","","27.5","","0.0","","","M","","M","","M","","","","M","","M"
"-71.39","46.79","QUEBEC INTL A","7016293","2019-01-26","2019","01","26","","-13.4","","-20.8","","-17.1","","35.1","","0.0","","","M","","M","","M","","","","M","","M"
"-71.39","46.79","QUEBEC INTL A","7016293","2019-01-27","2019","01","27","","-4.8","","-22.4","","-13.6","","31.6","","0.0","","","M","","M","","M","","","","M","","M"
"-71.39","46.79","QUEBEC INTL A","7016293","2019-01-28","2019","01","28","","-12.3","","-27.6","","-20.0","","38.0","","0.0","","","M","","M","","M","","","","M","","M"
"-71.39","46.79","QUEBEC INTL A","7016293","2019-01-29","2019","01","29","","-11.0","","-21.9","","-16.5","","34.5","","0.0","","","M","","M","","M","","","","M","","M"
"-71.39","46.79","QUEBEC INTL A","7016293","2019-01-30","2019","01","30","","-8.7","","-18.1","","-13.4","","31.4","","0.0","","","M","","M","","M","","","","M","","M"
"-71.39","46.79","QUEBEC INTL A","7016293","2019-01-31","2019","01","31","","-16.8","","-25.5","","-21.2","","39.2","","0.0","","","M","","M","","M","","","","M","","M"
"-71.39","46.79","QUEBEC INTL A","7016293","2019-02-01","2019","02","01","","-14.9","","-22.1","","-18.5","","36.5","","0.0","","","M","","M","","M","","","","M","","M"
"-71.39","46.79","QUEBEC INTL A","7016293","2019-02-02","2019","02","02","","-10.7","","-21.7","","-16.2","","34.2","","0.0","","","M","","M","","M","","","","M","","M"
"-71.39","46.79","QUEBEC INTL A","7016293","2019-02-03","2019","02","03","","-9.0","","-23.4","","-16.2","","34.2","","0.0","","","M","","M","","M","","","","M","","M"
"-71.39","46.79","QUEBEC INTL A","7016293","2019-02-04","2019","02","04","","-2.8","","-9.2","","-6.0","","24.0","","0.0","","","M","","M","","M","","","","M","","M"
"-71.39","46.79","QUEBEC INTL A","7016293","2019-02-05","2019","02","05","","2.2","","-10.2","","-4.0","","22.0","","0.0","","","M","","M","","M","","","","M","","M"
"-71.39","46.79","QUEBEC INTL A","7016293","2019-02-06","2019","02","06","","-7.5","","-14.8","","-11.2","","29.2","","0.0","","","M","","M","","M","","","","M","","M"
"-71.39","46.79","QUEBEC INTL A","7016293","2019-02-07","2019","02","07","","-2.1","","-7.5","","-4.8","","22.8","","0.0","","","M","","M","","M","","","","M","","M"
"-71.39","46.79","QUEBEC INTL A","7016293","2019-02-08","2019","02","08","","","M","","M","","M","","M","","M","","M","","M","","M","","","","M","","M"
"-71.39","46.79","QUEBEC INTL A","7016293","2019-02-09","2019","02","09","","-7.9","","-14.9","","-11.4","","29.4","","0.0","","","M","","M","","M","","","","M","","M"
"-71.39","46.79","QUEBEC INTL A","7016293","2019-02-10","2019","02","10","","-9.1","","-16.4","","-12.8","","30.8","","0.0","","","M","","M","","M","","","","M","","M"
"-71.39","46.79","QUEBEC INTL A","7016293","2019-02-11","2019","02","11","","-10.7","","-20.0","","-15.4","","33.4","","0.0","","","M","","M","","M","","","","M","","M"
"-71.39","46.79","QUEBEC INTL A","7016293","2019-02-12","2019","02","12","","-8.9","","-25.6","","-17.3","","35.3","","0.0","","","M","","M","","M","","","","M","","M"
"-71.39","46.79","QUEBEC INTL A","7016293","2019-02-13","2019","02","13","","-7.3","","-9.8","","-8.6","","26.6","","0.0","","","M","","M","","M","","","","M","","M"
"-71.39","46.79","QUEBEC INTL A","7016293","2019-02-14","2019","02","14","","-3.6","","-17.8","","-10.7","","28.7","","0.0","","","M","","M","","M","","","","M","","M"
"-71.39","46.79","QUEBEC INTL A","7016293","2019-02-15","2019","02","15","","-0.4","","-16.1","","-8.3","","26.3","","0.0","","","M","","M","","M","","","","M","","M"
"-71.39","46.79","QUEBEC INTL A","7016293","2019-02-16","2019","02","16","","-0.6","","-13.7","","-7.2","","25.2","","0.0","","","M","","M","","M","","","","M","","M"
"-71.39","46.79","QUEBEC INTL A","7016293","2019-02-17","2019","02","17","","-9.6","","-24.7","","-17.2","","35.2","","0.0","","","M","","M","","M","","","","M","","M"
"-71.39","46.79","QUEBEC INTL A","7016293","2019-02-18","2019","02","18","","-9.4","","-26.9","","-18.2","","36.2","","0.0","","","M","","M","","M","","","","M","","M"
"-71.39","46.79","QUEBEC INTL A","7016293","2019-02-19","2019","02","19","","-10.7","","-22.6","","-16.7","","34.7","","0.0","","","M","","M","","M","","","","M","","M"
"-71.39","46.79","QUEBEC INTL A","7016293","2019-02-20","2019","02","20","","-7.8","","-24.2","","-16.0","","34.0","","0.0","","","M","","M","","M","","","","M","","M"
"-71.39","46.79","QUEBEC INTL A","7016293","2019-02-21","2019","02","21","","-2.6","","-10.7","","-6.7","","24.7","","0.0","","","M","","M","","M","","","","M","","M"
"-71.39","46.79","QUEBEC INTL A","7016293","2019-02-22","2019","02","22","","-2.5","","-16.0","","-9.3","","27.3","","0.0","","","M","","M","","M","","","","M","","M"
"-71.39","46.79","QUEBEC INTL A","7016293","2019-02-23","2019","02","23","","-3.2","","-19.6","","-11.4","","29.4","","0.0","","","M","","M","","M","","","","M","","M"
"-71.39","46.79","QUEBEC INTL A","7016293","2019-02-24","2019","02","24","","-2.7","","-8.2","","-5.5","","23.5","","0.0","","","M","","M","","M","","","","M","","M"
"-71.39","46.79","QUEBEC INTL A","7016293","2019-02-25","2019","02","25","","-1.7","","-15.2","","-8.5","","26.5","","0.0","","","M","","M","","M","","","","M","","M"
"-71.39","46.79","QUEBEC INTL A","7016293","2019-02-26","2019","02","26","","-14.9","","-20.6","","-17.8","","35.8","","0.0","","","M","","M","","M","","","","M","","M"
"-71.39","46.79","QUEBEC INTL A","7016293","2019-02-27","2019","02","27","","-14.4","","-27.2","","-20.8","","38.8","","0.0","","","M","","M","","M","","","","M","","M"
"-71.39","46.79","QUEBEC INTL A","7016293","2019-02-28","2019","02","28","","-8.6","","-29.6","","-19.1","","37.1","","0.0","","","M","","M","","M","","","","M","","M"
"-71.39","46.79","QUEBEC INTL A","7016293","2019-03-01","2019","03","01","","-5.9","","-27.0","","-16.5","","34.5","","0.0","","","M","","M","","M","","","","M","","M"
"-71.39","46.79","QUEBEC INTL A","7016293","2019-03-02","2019","03","02","","-1.8","","-18.5","","-10.2","","28.2","","0.0","","","M","","M","","M","","","","M","","M"
"-71.39","46.79","QUEBEC INTL A","7016293","2019-03-03","2019","03","03","","-2.3","","-7.8","","-5.1","","23.1","","0.0","","","M","","M","","M","","","","M","","M"
"-71.39","46.79","QUEBEC INTL A","7016293","2019-03-04","2019","03","04","","-1.7","","-13.8","","-7.8","","25.8","","0.0","","","M","","M","","M","","","","M","","M"
"-71.39","46.79","QUEBEC INTL A","7016293","2019-03-05","2019","03","05","","-8.6","","-15.8","","-12.2","","30.2","","0.0","","","M","","M","","M","","","","M","","M"
"-71.39","46.79","QUEBEC INTL A","7016293","2019-03-06","2019","03","06","","-9.2","","-22.4","","-15.8","","33.8","","0.0","","","M","","M","","M","","","","M","","M"
"-71.39","46.79","QUEBEC INTL A","7016293","2019-03-07","2019","03","07","","-11.1","","-23.3","","-17.2","","35.2","","0.0","","","M","","M","","M","","","","M","","M"
"-71.39","46.79","QUEBEC INTL A","7016293","2019-03-08","2019","03","08","","-5.7","","-17.9","","-11.8","","29.8","","0.0","","","M","","M","","M","","","","M","","M"
"-71.39","46.79","QUEBEC INTL A","7016293","2019-03-09","2019","03","09","","-3.0","","-16.6","","-9.8","","27.8","","0.0","","","M","","M","","M","","","","M","","M"
"-71.39","46.79","QUEBEC INTL A","7016293","2019-03-10","2019","03","10","","-2.6","","-15.9","","-9.3","","27.3","","0.0","","","M","","M","","M","","","","M","","M"
"-71.39","46.79","QUEBEC INTL A","7016293","2019-03-11","2019","03","11","","2.0","","-5.5","","-1.8","","19.8","","0.0","","","M","","M","","M","","","","M","","M"
"-71.39","46.79","QUEBEC INTL A","7016293","2019-03-12","2019","03","12","","-1.3","","-9.8","","-5.6","","23.6","","0.0","","","M","","M","","M","","","","M","","M"
"-71.39","46.79","QUEBEC INTL A","7016293","2019-03-13","2019","03","13","","-0.1","","-14.0","","-7.1","","25.1","","0.0","","","M","","M","","M","","","","M","","M"
"-71.39","46.79","QUEBEC INTL A","7016293","2019-03-14","2019","03","14","","4.9","","-2.8","","1.1","","16.9","","0.0","","","M","","M","","M","","","","M","","M"
"-71.39","46.79","QUEBEC INTL A","7016293","2019-03-15","2019","03","15","","9.7","","1.0","","5.4","","12.6","","0.0","","","M","","M","","M","","","","M","","M"
"-71.39","46.79","QUEBEC INTL A","7016293","2019-03-16","2019","03","16","","2.7","","-8.0","","-2.7","","20.7","","0.0","","","M","","M","","M","","","","M","","M"
"-71.39","46.79","QUEBEC INTL A","7016293","2019-03-17","2019","03","17","","-3.8","","-10.7","","-7.3","","25.3","","0.0","","","M","","M","","M","","","","M","","M"
"-71.39","46.79","QUEBEC INTL A","7016293","2019-03-18","2019","03","18","","-3.4","","-11.7","","-7.6","","25.6","","0.0","","","M","","M","","M","","","","M","","M"
"-71.39","46.79","QUEBEC INTL A","7016293","2019-03-19","2019","03","19","","-2.9","","-16.7","","-9.8","","27.8","","0.0","","","M","","M","","M","","","","M","","M"
"-71.39","46.79","QUEBEC INTL A","7016293","2019-03-20","2019","03","20","","4.3","","-17.5","","-6.6","","24.6","","0.0","","","M","","M","","M","","","","M","","M"
"-71.39","46.79","QUEBEC INTL A","7016293","2019-03-21","2019","03","21","","5.9","","-7.9","","-1.0","","19.0","","0.0","","","M","","M","","M","","","","M","","M"
"-71.39","46.79","QUEBEC INTL A","7016293","2019-03-22","2019","03","22","","2.5","","0.0","","1.3","","16.7","","0.0","","","M","","M","","M","","","","M","","M"
"-71.39","46.79","QUEBEC INTL A","7016293","2019-03-23","2019","03","23","","5.0","","-4.0","","0.5","","17.5","","0.0","","","M","","M","","M","","","","M","","M"
"-71.39","46.79","QUEBEC INTL A","7016293","2019-03-24","2019","03","24","","3.0","","-6.7","","-1.9","","19.9","","0.0","","","M","","M","","M","","","","M","","M"
"-71.39","46.79","QUEBEC INTL A","7016293","2019-03-25","2019","03","25","","-2.5","","-12.3","","-7.4","","25.4","","0.0","","","M","","M","","M","","","","M","","M"
"-71.39","46.79","QUEBEC INTL A","7016293","2019-03-26","2019","03","26","","-3.1","","-12.6","","-7.9","","25.9","","0.0","","","M","","M","","M","","","","M","","M"
"-71.39","46.79","QUEBEC INTL A","7016293","2019-03-27","2019","03","27","","3.3","","-16.2","","-6.5","","24.5","","0.0","","","M","","M","","M","","","","M","","M"
"-71.39","46.79","QUEBEC INTL A","7016293","2019-03-28","2019","03","28","","6.0","","-9.7","","-1.9","","19.9","","0.0","","","M","","M","","M","","","","M","","M"
"-71.39","46.79","QUEBEC INTL A","7016293","2019-03-29","2019","03","29","","6.0","","-3.4","","1.3","","16.7","","0.0","","","M","","M","","M","","","","M","","M"
"-71.39","46.79","QUEBEC INTL A","7016293","2019-03-30","2019","03","30","","-0.2","","-4.2","","-2.2","","20.2","","0.0","","","M","","M","","M","","","","M","","M"
"-71.39","46.79","QUEBEC INTL A","7016293","2019-03-31","2019","03","31","","2.0","","-0.8","","0.6","","17.4","","0.0","","","M","","M","","M","","","","M","","M"
"-71.39","46.79","QUEBEC INTL A","7016293","2019-04-01","2019","04","01","","-0.6","","-6.9","","-3.8","","21.8","","0.0","","","M","","M","","M","","","","M","","M"
"-71.39","46.79","QUEBEC INTL A","7016293","2019-04-02","2019","04","02","","4.8","","-4.9","","-0.1","","18.1","","0.0","","","M","","M","","M","","","","M","","M"
"-71.39","46.79","QUEBEC INTL A","7016293","2019-04-03","2019","04","03","","5.9","","-1.4","","2.3","","15.7","","0.0","","","M","","M","","M","","","","M","","M"
"-71.39","46.79","QUEBEC INTL A","7016293","2019-04-04","2019","04","04","","-0.8","","-6.8","","-3.8","","21.8","","0.0","","","M","","M","","M","","","","M","","M"
"-71.39","46.79","QUEBEC INTL A","7016293","2019-04-05","2019","04","05","","0.3","","-10.7","","-5.2","","23.2","","0.0","","","M","","M","","M","","","","M","","M"
"-71.39","46.79","QUEBEC INTL A","7016293","2019-04-06","2019","04","06","","4.3","","-2.5","","0.9","","17.1","","0.0","","","M","","M","","M","","","","M","","M"
"-71.39","46.79","QUEBEC INTL A","7016293","2019-04-07","2019","04","07","","6.7","","-1.8","","2.5","","15.5","","0.0","","","M","","M","","M","","","","M","","M"
"-71.39","46.79","QUEBEC INTL A","7016293","2019-04-08","2019","04","08","","-1.6","","-4.5","","-3.1","","21.1","","0.0","","","M","","M","","M","","","","M","","M"
"-71.39","46.79","QUEBEC INTL A","7016293","2019-04-09","2019","04","09","","-1.3","","-3.1","","-2.2","","20.2","","0.0","","","M","","M","","M","","","","M","","M"
"-71.39","46.79","QUEBEC INTL A","7016293","2019-04-10","2019","04","10","","4.7","","-4.5","","0.1","","17.9","","0.0","","","M","","M","","M","","","","M","","M"
"-71.39","46.79","QUEBEC INTL A","7016293","2019-04-11","2019","04","11","","5.0","","-5.9","","-0.5","","18.5","","0.0","","","M","","M","","M","","","","M","","M"
"-71.39","46.79","QUEBEC INTL A","7016293","2019-04-12","2019","04","12","","5.1","","-4.1","","0.5","","17.5","","0.0","","","M","","M","","M","","","","M","","M"
"-71.39","46.79","QUEBEC INTL A","7016293","2019-04-13","2019","04","13","","11.2","","1.1","","6.2","","11.8","","0.0","","","M","","M","","M","","","","M","","M"
"-71.39","46.79","QUEBEC INTL A","7016293","2019-04-14","2019","04","14","","6.4","","-0.9","","2.8","","15.2","","0.0","","","M","","M","","M","","","","M","","M"
"-71.39","46.79","QUEBEC INTL A","7016293","2019-04-15","2019","04","15","","2.9","","0.1","","1.5","","16.5","","0.0","","","M","","M","","M","","","","M","","M"
"-71.39","46.79","QUEBEC INTL A","7016293","2019-04-16","2019","04","16","","5.7","","-0.8","","2.5","","15.5","","0.0","","","M","","M","","M","","","","M","","M"
"-71.39","46.79","QUEBEC INTL A","7016293","2019-04-17","2019","04","17","","8.9","","-2.5","","3.2","","14.8","","0.0","","","M","","M","","M","","","","M","","M"
"-71.39","46.79","QUEBEC INTL A","7016293","2019-04-18","2019","04","18","","6.8","","-2.3","","2.3","","15.7","","0.0","","","M","","M","","M","","","","M","","M"
"-71.39","46.79","QUEBEC INTL A","7016293","2019-04-19","2019","04","19","","","M","","M","","M","","M","","M","","M","","M","","M","","","","M","","M"
"-71.39","46.79","QUEBEC INTL A","7016293","2019-04-20","2019","04","20","","7.4","","2.8","","5.1","","12.9","","0.0","","","M","","M","","M","","","","M","","M"
"-71.39","46.79","QUEBEC INTL A","7016293","2019-04-21","2019","04","21","","17.0","","3.4","","10.2","","7.8","","0.0","","","M","","M","","M","","","","M","","M"
"-71.39","46.79","QUEBEC INTL A","7016293","2019-04-22","2019","04","22","","13.8","","2.3","","8.1","","9.9","","0.0","","","M","","M","","M","","","","M","","M"
"-71.39","46.79","QUEBEC INTL A","7016293","2019-04-23","2019","04","23","","9.8","","2.1","","6.0","","12.0","","0.0","","","M","","M","","M","","","","M","","M"
"-71.39","46.79","QUEBEC INTL A","7016293","2019-04-24","2019","04","24","","4.0","","1.5","","2.8","","15.2","","0.0","","","M","","M","","M","","","","M","","M"
"-71.39","46.79","QUEBEC INTL A","7016293","2019-04-25","2019","04","25","","7.9","","1.3","","4.6","","13.4","","0.0","","","M","","M","","M","","","","M","","M"
"-71.39","46.79","QUEBEC INTL A","7016293","2019-04-26","2019","04","26","","7.3","","1.2","","4.3","","13.7","","0.0","","","M","","M","","M","","","","M","","M"
"-71.39","46.79","QUEBEC INTL A","7016293","2019-04-27","2019","04","27","","7.0","","1.4","","4.2","","13.8","","0.0","","","M","","M","","M","","","","M","","M"
"-71.39","46.79","QUEBEC INTL A","7016293","2019-04-28","2019","04","28","","6.4","","-0.6","","2.9","","15.1","","0.0","","","M","","M","","M","","","","M","","M"
"-71.39","46.79","QUEBEC INTL A","7016293","2019-04-29","2019","04","29","","8.0","","-1.4","","3.3","","14.7","","0.0","","","M","","M","","M","","","","M","","M"
"-71.39","46.79","QUEBEC INTL A","7016293","2019-04-30","2019","04","30","","10.3","","-0.1","","5.1","","12.9","","0.0","","","M","","M","","M","","","","M","","M"
"-71.39","46.79","QUEBEC INTL A","7016293","2019-05-01","2019","05","01","","8.3","","-3.1","","2.6","","15.4","","0.0","","","M","","M","","M","","","","M","","M"
"-71.39","46.79","QUEBEC INTL A","7016293","2019-05-02","2019","05","02","","12.0","","1.2","","6.6","","11.4","","0.0","","","M","","M","","M","","","","M","","M"
"-71.39","46.79","QUEBEC INTL A","7016293","2019-05-03","2019","05","03","","9.0","","1.1","","5.1","","12.9","","0.0","","","M","","M","","M","","","","M","","M"
"-71.39","46.79","QUEBEC INTL A","7016293","2019-05-04","2019","05","04","","16.5","","5.0","","10.8","","7.2","","0.0","","","M","","M","","M","","","","M","","M"
"-71.39","46.79","QUEBEC INTL A","7016293","2019-05-05","2019","05","05","","18.5","","1.2","","9.9","","8.1","","0.0","","","M","","M","","M","","","","M","","M"
"-71.39","46.79","QUEBEC INTL A","7016293","2019-05-06","2019","05","06","","23.3","","2.2","","12.8","","5.2","","0.0","","","M","","M","","M","","","","M","","M"
"-71.39","46.79","QUEBEC INTL A","7016293","2019-05-07","2019","05","07","","17.1","","-0.8","","8.2","","9.8","","0.0","","","M","","M","","M","","","","M","","M"
"-71.39","46.79","QUEBEC INTL A","7016293","2019-05-08","2019","05","08","","10.8","","-2.6","","4.1","","13.9","","0.0","","","M","","M","","M","","","","M","","M"
"-71.39","46.79","QUEBEC INTL A","7016293","2019-05-09","2019","05","09","","13.2","","-1.7","","5.8","","12.2","","0.0","","","M","","M","","M","","","","M","","M"
"-71.39","46.79","QUEBEC INTL A","7016293","2019-05-10","2019","05","10","","8.3","","6.0","","7.2","","10.8","","0.0","","","M","","M","","M","","","","M","","M"
"-71.39","46.79","QUEBEC INTL A","7016293","2019-05-11","2019","05","11","","11.1","","1.2","","6.2","","11.8","","0.0","","","M","","M","","M","","","","M","","M"
"-71.39","46.79","QUEBEC INTL A","7016293","2019-05-12","2019","05","12","","16.6","","-1.9","","7.4","","10.6","","0.0","","","M","","M","","M","","","","M","","M"
"-71.39","46.79","QUEBEC INTL A","7016293","2019-05-13","2019","05","13","","15.6","","3.5","","9.6","","8.4","","0.0","","","M","","M","","M","","","","M","","M"
"-71.39","46.79","QUEBEC INTL A","7016293","2019-05-14","2019","05","14","","10.3","","6.7","","8.5","","9.5","","0.0","","","M","","M","","M","","","","M","","M"
"-71.39","46.79","QUEBEC INTL A","7016293","2019-05-15","2019","05","15","","10.2","","1.7","","6.0","","12.0","","0.0","","","M","","M","","M","","","","M","","M"
"-71.39","46.79","QUEBEC INTL A","7016293","2019-05-16","2019","05","16","","16.2","","0.6","","8.4","","9.6","","0.0","","","M","","M","","M","","","","M","","M"
"-71.39","46.79","QUEBEC INTL A","7016293","2019-05-17","2019","05","17","","14.8","","6.2","","10.5","","7.5","","0.0","","","M","","M","","M","","","","M","","M"
"-71.39","46.79","QUEBEC INTL A","7016293","2019-05-18","2019","05","18","","14.2","","7.2","","10.7","","7.3","","0.0","","","M","","M","","M","","","","M","","M"
"-71.39","46.79","QUEBEC INTL A","7016293","2019-05-19","2019","05","19","","12.5","","7.9","","10.2","","7.8","","0.0","","","M","","M","","M","","","","M","","M"
"-71.39","46.79","QUEBEC INTL A","7016293","2019-05-20","2019","05","20","","13.3","","9.0","","11.2","","6.8","","0.0","","","M","","M","","M","","","","M","","M"
"-71.39","46.79","QUEBEC INTL A","7016293","2019-05-21","2019","05","21","","12.8","","6.3","","9.6","","8.4","","0.0","","","M","","M","","M","","","","M","","M"
"-71.39","46.79","QUEBEC INTL A","7016293","2019-05-22","2019","05","22","","20.0","","4.8","","12.4","","5.6","","0.0","","","M","","M","","M","","","","M","","M"
"-71.39","46.79","QUEBEC INTL A","7016293","2019-05-23","2019","05","23","","15.3","","8.9","","12.1","","5.9","","0.0","","","M","","M","","M","","","","M","","M"
"-71.39","46.79","QUEBEC INTL A","7016293","2019-05-24","2019","05","24","","17.9","","8.3","","13.1","","4.9","","0.0","","","M","","M","","M","","","","M","","M"
"-71.39","46.79","QUEBEC INTL A","7016293","2019-05-25","2019","05","25","","21.5","","4.9","","13.2","","4.8","","0.0","","","M","","M","","M","","","","M","","M"
"-71.39","46.79","QUEBEC INTL A","7016293","2019-05-26","2019","05","26","","23.9","","10.6","","17.3","","0.7","","0.0","","","M","","M","","M","","","","M","","M"
"-71.39","46.79","QUEBEC INTL A","7016293","2019-05-27","2019","05","27","","15.5","","3.7","","9.6","","8.4","","0.0","","","M","","M","","M","","","","M","","M"
"-71.39","46.79","QUEBEC INTL A","7016293","2019-05-28","2019","05","28","","17.4","","2.8","","10.1","","7.9","","0.0","","","M","","M","","M","","","","M","","M"
"-71.39","46.79","QUEBEC INTL A","7016293","2019-05-29","2019","05","29","","17.2","","2.6","","9.9","","8.1","","0.0","","","M","","M","","M","","","","M","","M"
"-71.39","46.79","QUEBEC INTL A","7016293","2019-05-30","2019","05","30","","21.3","","8.3","","14.8","","3.2","","0.0","","","M","","M","","M","","","","M","","M"
"-71.39","46.79","QUEBEC INTL A","7016293","2019-05-31","2019","05","31","","15.1","","4.2","","9.7","","8.3","","0.0","","","M","","M","","M","","","","M","","M"
"-71.39","46.79","QUEBEC INTL A","7016293","2019-06-01","2019","06","01","","19.6","","3.8","","11.7","","6.3","","0.0","","","M","","M","","M","","","","M","","M"
"-71.39","46.79","QUEBEC INTL A","7016293","2019-06-02","2019","06","02","","13.6","","9.7","","11.7","","6.3","","0.0","","","M","","M","","M","","","","M","","M"
"-71.39","46.79","QUEBEC INTL A","7016293","2019-06-03","2019","06","03","","15.3","","5.9","","10.6","","7.4","","0.0","","","M","","M","","M","","","","M","","M"
"-71.39","46.79","QUEBEC INTL A","7016293","2019-06-04","2019","06","04","","15.0","","5.0","","10.0","","8.0","","0.0","","","M","","M","","M","","","","M","","M"
"-71.39","46.79","QUEBEC INTL A","7016293","2019-06-05","2019","06","05","","19.7","","7.6","","13.7","","4.3","","0.0","","","M","","M","","M","","","","M","","M"
"-71.39","46.79","QUEBEC INTL A","7016293","2019-06-06","2019","06","06","","22.3","","5.5","","13.9","","4.1","","0.0","","","M","","M","","M","","","","M","","M"
"-71.39","46.79","QUEBEC INTL A","7016293","2019-06-07","2019","06","07","","22.5","","6.3","","14.4","","3.6","","0.0","","","M","","M","","M","","","","M","","M"
"-71.39","46.79","QUEBEC INTL A","7016293","2019-06-08","2019","06","08","","21.3","","6.8","","14.1","","3.9","","0.0","","","M","","M","","M","","","","M","","M"
"-71.39","46.79","QUEBEC INTL A","7016293","2019-06-09","2019","06","09","","27.7","","9.5","","18.6","","0.0","","0.6","","","M","","M","","M","","","","M","","M"
"-71.39","46.79","QUEBEC INTL A","7016293","2019-06-10","2019","06","10","","25.8","","10.7","","18.3","","0.0","","0.3","","","M","","M","","M","","","","M","","M"
"-71.39","46.79","QUEBEC INTL A","7016293","2019-06-11","2019","06","11","","18.2","","7.1","","12.7","","5.3","","0.0","","","M","","M","","M","","","","M","","M"
"-71.39","46.79","QUEBEC INTL A","7016293","2019-06-12","2019","06","12","","23.2","","7.1","","15.2","","2.8","","0.0","","","M","","M","","M","","","","M","","M"
"-71.39","46.79","QUEBEC INTL A","7016293","2019-06-13","2019","06","13","","21.6","","9.4","","15.5","","2.5","","0.0","","","M","","M","","M","","","","M","","M"
"-71.39","46.79","QUEBEC INTL A","7016293","2019-06-14","2019","06","14","","17.6","","11.0","","14.3","","3.7","","0.0","","","M","","M","","M","","","","M","","M"
"-71.39","46.79","QUEBEC INTL A","7016293","2019-06-15","2019","06","15","","19.4","","12.6","","16.0","","2.0","","0.0","","","M","","M","","M","","","","M","","M"
"-71.39","46.79","QUEBEC INTL A","7016293","2019-06-16","2019","06","16","","18.6","","8.6","","13.6","","4.4","","0.0","","","M","","M","","M","","","","M","","M"
"-71.39","46.79","QUEBEC INTL A","7016293","2019-06-17","2019","06","17","","","M","","M","","M","","M","","M","","M","","M","","M","","","","M","","M"
"-71.39","46.79","QUEBEC INTL A","7016293","2019-06-18","2019","06","18","","","M","","M","","M","","M","","M","","M","","M","","M","","","","M","","M"
"-71.39","46.79","QUEBEC INTL A","7016293","2019-06-19","2019","06","19","","","M","","M","","M","","M","","M","","M","","M","","M","","","","M","","M"
"-71.39","46.79","QUEBEC INTL A","7016293","2019-06-20","2019","06","20","","15.7","","11.6","","13.7","","4.3","","0.0","","","M","","M","","M","","","","M","","M"
"-71.39","46.79","QUEBEC INTL A","7016293","2019-06-21","2019","06","21","","20.4","","11.5","","16.0","","2.0","","0.0","","","M","","M","","M","","","","M","","M"
"-71.39","46.79","QUEBEC INTL A","7016293","2019-06-22","2019","06","22","","25.5","","11.9","","18.7","","0.0","","0.7","","","M","","M","","M","","","","M","","M"
"-71.39","46.79","QUEBEC INTL A","7016293","2019-06-23","2019","06","23","","27.0","","9.8","","18.4","","0.0","","0.4","","","M","","M","","M","","","","M","","M"
"-71.39","46.79","QUEBEC INTL A","7016293","2019-06-24","2019","06","24","","25.1","","9.5","","17.3","","0.7","","0.0","","","M","","M","","M","","","","M","","M"
"-71.39","46.79","QUEBEC INTL A","7016293","2019-06-25","2019","06","25","","22.1","","7.8","","15.0","","3.0","","0.0","","","M","","M","","M","","","","M","","M"
"-71.39","46.79","QUEBEC INTL A","7016293","2019-06-26","2019","06","26","","26.5","","15.5","","21.0","","0.0","","3.0","","","M","","M","","M","","","","M","","M"
"-71.39","46.79","QUEBEC INTL A","7016293","2019-06-27","2019","06","27","","25.8","","13.3","","19.6","","0.0","","1.6","","","M","","M","","M","","","","M","","M"
"-71.39","46.79","QUEBEC INTL A","7016293","2019-06-28","2019","06","28","","27.0","","12.0","","19.5","","0.0","","1.5","","","M","","M","","M","","","","M","","M"
"-71.39","46.79","QUEBEC INTL A","7016293","2019-06-29","2019","06","29","","24.1","","15.0","","19.6","","0.0","","1.6","","","M","","M","","M","","","","M","","M"
"-71.39","46.79","QUEBEC INTL A","7016293","2019-06-30","2019","06","30","","20.9","","11.5","","16.2","","1.8","","0.0","","","M","","M","","M","","","","M","","M"
"-71.39","46.79","QUEBEC INTL A","7016293","2019-07-01","2019","07","01","","24.8","","11.3","","18.1","","0.0","","0.1","","","M","","M","","M","","","","M","","M"
"-71.39","46.79","QUEBEC INTL A","7016293","2019-07-02","2019","07","02","","28.0","","15.5","","21.8","","0.0","","3.8","","","M","","M","","M","","","","M","","M"
"-71.39","46.79","QUEBEC INTL A","7016293","2019-07-03","2019","07","03","","28.8","","13.5","","21.2","","0.0","","3.2","","","M","","M","","M","","","","M","","M"
"-71.39","46.79","QUEBEC INTL A","7016293","2019-07-04","2019","07","04","","31.3","","13.3","","22.3","","0.0","","4.3","","","M","","M","","M","","","","M","","M"
"-71.39","46.79","QUEBEC INTL A","7016293","2019-07-05","2019","07","05","","29.9","","16.7","","23.3","","0.0","","5.3","","","M","","M","","M","","","","M","","M"
"-71.39","46.79","QUEBEC INTL A","7016293","2019-07-06","2019","07","06","","","M","","M","","M","","M","","M","","M","","M","","M","","","","M","","M"
"-71.39","46.79","QUEBEC INTL A","7016293","2019-07-07","2019","07","07","","25.2","","9.0","","17.1","","0.9","","0.0","","","M","","M","","M","","","","M","","M"
"-71.39","46.79","QUEBEC INTL A","7016293","2019-07-08","2019","07","08","","25.9","","9.2","","17.6","","0.4","","0.0","","","M","","M","","M","","","","M","","M"
"-71.39","46.79","QUEBEC INTL A","7016293","2019-07-09","2019","07","09","","27.9","","12.6","","20.3","","0.0","","2.3","","","M","","M","","M","","","","M","","M"
"-71.39","46.79","QUEBEC INTL A","7016293","2019-07-10","2019","07","10","","24.6","","13.0","","18.8","","0.0","","0.8","","","M","","M","","M","","","","M","","M"
"-71.39","46.79","QUEBEC INTL A","7016293","2019-07-11","2019","07","11","","22.5","","16.6","","19.6","","0.0","","1.6","","","M","","M","","M","","","","M","","M"
"-71.39","46.79","QUEBEC INTL A","7016293","2019-07-12","2019","07","12","","26.1","","17.6","","21.9","","0.0","","3.9","","","M","","M","","M","","","","M","","M"
"-71.39","46.79","QUEBEC INTL A","7016293","2019-07-13","2019","07","13","","27.7","","16.6","","22.2","","0.0","","4.2","","","M","","M","","M","","","","M","","M"
"-71.39","46.79","QUEBEC INTL A","7016293","2019-07-14","2019","07","14","","23.8","","13.9","","18.9","","0.0","","0.9","","","M","","M","","M","","","","M","","M"
"-71.39","46.79","QUEBEC INTL A","7016293","2019-07-15","2019","07","15","","27.5","","12.9","","20.2","","0.0","","2.2","","","M","","M","","M","","","","M","","M"
"-71.39","46.79","QUEBEC INTL A","7016293","2019-07-16","2019","07","16","","26.8","","12.8","","19.8","","0.0","","1.8","","","M","","M","","M","","","","M","","M"
"-71.39","46.79","QUEBEC INTL A","7016293","2019-07-17","2019","07","17","","28.1","","12.8","","20.5","","0.0","","2.5","","","M","","M","","M","","","","M","","M"
"-71.39","46.79","QUEBEC INTL A","7016293","2019-07-18","2019","07","18","","25.9","","10.5","","18.2","","0.0","","0.2","","","M","","M","","M","","","","M","","M"
"-71.39","46.79","QUEBEC INTL A","7016293","2019-07-19","2019","07","19","","29.4","","15.1","","22.3","","0.0","","4.3","","","M","","M","","M","","","","M","","M"
"-71.39","46.79","QUEBEC INTL A","7016293","2019-07-20","2019","07","20","","31.2","","19.9","","25.6","","0.0","","7.6","","","M","","M","","M","","","","M","","M"
"-71.39","46.79","QUEBEC INTL A","7016293","2019-07-21","2019","07","21","","27.4","","15.4","","21.4","","0.0","","3.4","","","M","","M","","M","","","","M","","M"
"-71.39","46.79","QUEBEC INTL A","7016293","2019-07-22","2019","07","22","","22.3","","11.1","","16.7","","1.3","","0.0","","","M","","M","","M","","","","M","","M"
"-71.39","46.79","QUEBEC INTL A","7016293","2019-07-23","2019","07","23","","25.2","","11.0","","18.1","","0.0","","0.1","","","M","","M","","M","","","","M","","M"
"-71.39","46.79","QUEBEC INTL A","7016293","2019-07-24","2019","07","24","","22.1","","10.1","","16.1","","1.9","","0.0","","","M","","M","","M","","","","M","","M"
"-71.39","46.79","QUEBEC INTL A","7016293","2019-07-25","2019","07","25","","26.0","","9.2","","17.6","","0.4","","0.0","","","M","","M","","M","","","","M","","M"
"-71.39","46.79","QUEBEC INTL A","7016293","2019-07-26","2019","07","26","","29.0","","11.7","","20.4","","0.0","","2.4","","","M","","M","","M","","","","M","","M"
"-71.39","46.79","QUEBEC INTL A","7016293","2019-07-27","2019","07","27","","30.4","","15.3","","22.9","","0.0","","4.9","","","M","","M","","M","","","","M","","M"
"-71.39","46.79","QUEBEC INTL A","7016293","2019-07-28","2019","07","28","","29.4","","16.8","","23.1","","0.0","","5.1","","","M","","M","","M","","","","M","","M"
"-71.39","46.79","QUEBEC INTL A","7016293","2019-07-29","2019","07","29","","30.6","","17.0","","23.8","","0.0","","5.8","","","M","","M","","M","","","","M","","M"
"-71.39","46.79","QUEBEC INTL A","7016293","2019-07-30","2019","07","30","","31.8","","17.4","","24.6","","0.0","","6.6","","","M","","M","","M","","","","M","","M"
"-71.39","46.79","QUEBEC INTL A","7016293","2019-07-31","2019","07","31","","29.4","","19.1","","24.3","","0.0","","6.3","","","M","","M","","M","","","","M","","M"
"-71.39","46.79","QUEBEC INTL A","7016293","2019-08-01","2019","08","01","","27.2","","14.2","","20.7","","0.0","","2.7","","","M","","M","","M","","","","M","","M"
"-71.39","46.79","QUEBEC INTL A","7016293","2019-08-02","2019","08","02","","28.7","","12.1","","20.4","","0.0","","2.4","","","M","","M","","M","","","","M","","M"
"-71.39","46.79","QUEBEC INTL A","7016293","2019-08-03","2019","08","03","","23.2","","12.3","","17.8","","0.2","","0.0","","","M","","M","","M","","","","M","","M"
"-71.39","46.79","QUEBEC INTL A","7016293","2019-08-04","2019","08","04","","21.4","","8.5","","15.0","","3.0","","0.0","","","M","","M","","M","","","","M","","M"
"-71.39","46.79","QUEBEC INTL A","7016293","2019-08-05","2019","08","05","","24.4","","7.1","","15.8","","2.2","","0.0","","","M","","M","","M","","","","M","","M"
"-71.39","46.79","QUEBEC INTL A","7016293","2019-08-06","2019","08","06","","29.0","","13.0","","21.0","","0.0","","3.0","","","M","","M","","M","","","","M","","M"
"-71.39","46.79","QUEBEC INTL A","7016293","2019-08-07","2019","08","07","","26.9","","18.4","","22.7","","0.0","","4.7","","","M","","M","","M","","","","M","","M"
"-71.39","46.79","QUEBEC INTL A","7016293","2019-08-08","2019","08","08","","24.3","","17.8","","21.1","","0.0","","3.1","","","M","","M","","M","","","","M","","M"
"-71.39","46.79","QUEBEC INTL A","7016293","2019-08-09","2019","08","09","","23.3","","13.7","","18.5","","0.0","","0.5","","","M","","M","","M","","","","M","","M"
"-71.39","46.79","QUEBEC INTL A","7016293","2019-08-10","2019","08","10","","20.7","","12.6","","16.7","","1.3","","0.0","","","M","","M","","M","","","","M","","M"
"-71.39","46.79","QUEBEC INTL A","7016293","2019-08-11","2019","08","11","","25.8","","12.6","","19.2","","0.0","","1.2","","","M","","M","","M","","","","M","","M"
"-71.39","46.79","QUEBEC INTL A","7016293","2019-08-12","2019","08","12","","24.3","","14.8","","19.6","","0.0","","1.6","","","M","","M","","M","","","","M","","M"
"-71.39","46.79","QUEBEC INTL A","7016293","2019-08-13","2019","08","13","","23.0","","10.1","","16.6","","1.4","","0.0","","","M","","M","","M","","","","M","","M"
"-71.39","46.79","QUEBEC INTL A","7016293","2019-08-14","2019","08","14","","23.3","","10.2","","16.8","","1.2","","0.0","","","M","","M","","M","","","","M","","M"
"-71.39","46.79","QUEBEC INTL A","7016293","2019-08-15","2019","08","15","","23.4","","11.2","","17.3","","0.7","","0.0","","","M","","M","","M","","","","M","","M"
"-71.39","46.79","QUEBEC INTL A","7016293","2019-08-16","2019","08","16","","21.3","","11.3","","16.3","","1.7","","0.0","","","M","","M","","M","","","","M","","M"
"-71.39","46.79","QUEBEC INTL A","7016293","2019-08-17","2019","08","17","","24.0","","13.8","","18.9","","0.0","","0.9","","","M","","M","","M","","","","M","","M"
"-71.39","46.79","QUEBEC INTL A","7016293","2019-08-18","2019","08","18","","26.0","","17.7","","21.9","","0.0","","3.9","","","M","","M","","M","","","","M","","M"
"-71.39","46.79","QUEBEC INTL A","7016293","2019-08-19","2019","08","19","","26.9","","14.4","","20.7","","0.0","","2.7","","","M","","M","","M","","","","M","","M"
"-71.39","46.79","QUEBEC INTL A","7016293","2019-08-20","2019","08","20","","26.7","","11.0","","18.9","","0.0","","0.9","","","M","","M","","M","","","","M","","M"
"-71.39","46.79","QUEBEC INTL A","7016293","2019-08-21","2019","08","21","","19.4","","12.0","","15.7","","2.3","","0.0","","","M","","M","","M","","","","M","","M"
"-71.39","46.79","QUEBEC INTL A","7016293","2019-08-22","2019","08","22","","24.8","","11.6","","18.2","","0.0","","0.2","","","M","","M","","M","","","","M","","M"
"-71.39","46.79","QUEBEC INTL A","7016293","2019-08-23","2019","08","23","","20.8","","9.1","","15.0","","3.0","","0.0","","","M","","M","","M","","","","M","","M"
"-71.39","46.79","QUEBEC INTL A","7016293","2019-08-24","2019","08","24","","20.8","","10.4","","15.6","","2.4","","0.0","","","M","","M","","M","","","","M","","M"
"-71.39","46.79","QUEBEC INTL A","7016293","2019-08-25","2019","08","25","","24.2","","8.3","","16.3","","1.7","","0.0","","","M","","M","","M","","","","M","","M"
"-71.39","46.79","QUEBEC INTL A","7016293","2019-08-26","2019","08","26","","26.0","","9.7","","17.9","","0.1","","0.0","","","M","","M","","M","","","","M","","M"
"-71.39","46.79","QUEBEC INTL A","7016293","2019-08-27","2019","08","27","","25.8","","9.2","","17.5","","0.5","","0.0","","","M","","M","","M","","","","M","","M"
"-71.39","46.79","QUEBEC INTL A","7016293","2019-08-28","2019","08","28","","26.3","","12.3","","19.3","","0.0","","1.3","","","M","","M","","M","","","","M","","M"
"-71.39","46.79","QUEBEC INTL A","7016293","2019-08-29","2019","08","29","","24.6","","13.6","","19.1","","0.0","","1.1","","","M","","M","","M","","","","M","","M"
"-71.39","46.79","QUEBEC INTL A","7016293","2019-08-30","2019","08","30","","22.1","","11.7","","16.9","","1.1","","0.0","","","M","","M","","M","","","","M","","M"
"-71.39","46.79","QUEBEC INTL A","7016293","2019-08-31","2019","08","31","","19.6","","7.3","","13.5","","4.5","","0.0","","","M","","M","","M","","","","M","","M"
"-71.39","46.79","QUEBEC INTL A","7016293","2019-09-01","2019","09","01","","20.1","","6.4","","13.3","","4.7","","0.0","","","M","","M","","M","","","","M","","M"
"-71.39","46.79","QUEBEC INTL A","7016293","2019-09-02","2019","09","02","","19.3","","11.4","","15.4","","2.6","","0.0","","","M","","M","","M","","","","M","","M"
"-71.39","46.79","QUEBEC INTL A","7016293","2019-09-03","2019","09","03","","18.1","","10.5","","14.3","","3.7","","0.0","","","M","","M","","M","","","","M","","M"
"-71.39","46.79","QUEBEC INTL A","7016293","2019-09-04","2019","09","04","","21.2","","8.8","","15.0","","3.0","","0.0","","","M","","M","","M","","","","M","","M"
"-71.39","46.79","QUEBEC INTL A","7016293","2019-09-05","2019","09","05","","19.4","","6.1","","12.8","","5.2","","0.0","","","M","","M","","M","","","","M","","M"
"-71.39","46.79","QUEBEC INTL A","7016293","2019-09-06","2019","09","06","","18.9","","7.6","","13.3","","4.7","","0.0","","","M","","M","","M","","","","M","","M"
"-71.39","46.79","QUEBEC INTL A","7016293","2019-09-07","2019","09","07","","15.6","","9.2","","12.4","","5.6","","0.0","","","M","","M","","M","","","","M","","M"
"-71.39","46.79","QUEBEC INTL A","7016293","2019-09-08","2019","09","08","","17.9","","8.8","","13.4","","4.6","","0.0","","","M","","M","","M","","","","M","","M"
"-71.39","46.79","QUEBEC INTL A","7016293","2019-09-09","2019","09","09","","17.2","","6.7","","12.0","","6.0","","0.0","","","M","","M","","M","","","","M","","M"
"-71.39","46.79","QUEBEC INTL A","7016293","2019-09-10","2019","09","10","","16.3","","6.6","","11.5","","6.5","","0.0","","","M","","M","","M","","","","M","","M"
"-71.39","46.79","QUEBEC INTL A","7016293","2019-09-11","2019","09","11","","13.3","","10.6","","12.0","","6.0","","0.0","","","M","","M","","M","","","","M","","M"
"-71.39","46.79","QUEBEC INTL A","7016293","2019-09-12","2019","09","12","","19.2","","6.9","","13.1","","4.9","","0.0","","","M","","M","","M","","","","M","","M"
"-71.39","46.79","QUEBEC INTL A","7016293","2019-09-13","2019","09","13","","18.8","","4.4","","11.6","","6.4","","0.0","","","M","","M","","M","","","","M","","M"
"-71.39","46.79","QUEBEC INTL A","7016293","2019-09-14","2019","09","14","","17.0","","9.2","","13.1","","4.9","","0.0","","","M","","M","","M","","","","M","","M"
"-71.39","46.79","QUEBEC INTL A","7016293","2019-09-15","2019","09","15","","17.4","","9.5","","13.5","","4.5","","0.0","","","M","","M","","M","","","","M","","M"
"-71.39","46.79","QUEBEC INTL A","7016293","2019-09-16","2019","09","16","","17.0","","9.5","","13.3","","4.7","","0.0","","","M","","M","","M","","","","M","","M"
"-71.39","46.79","QUEBEC INTL A","7016293","2019-09-17","2019","09","17","","14.4","","6.8","","10.6","","7.4","","0.0","","","M","","M","","M","","","","M","","M"
"-71.39","46.79","QUEBEC INTL A","7016293","2019-09-18","2019","09","18","","17.0","","3.4","","10.2","","7.8","","0.0","","","M","","M","","M","","","","M","","M"
"-71.39","46.79","QUEBEC INTL A","7016293","2019-09-19","2019","09","19","","19.7","","2.4","","11.1","","6.9","","0.0","","","M","","M","","M","","","","M","","M"
"-71.39","46.79","QUEBEC INTL A","7016293","2019-09-20","2019","09","20","","22.5","","10.3","","16.4","","1.6","","0.0","","","M","","M","","M","","","","M","","M"
"-71.39","46.79","QUEBEC INTL A","7016293","2019-09-21","2019","09","21","","23.1","","10.6","","16.9","","1.1","","0.0","","","M","","M","","M","","","","M","","M"
"-71.39","46.79","QUEBEC INTL A","7016293","2019-09-22","2019","09","22","","23.9","","12.0","","18.0","","0.0","","0.0","","","M","","M","","M","","","","M","","M"
"-71.39","46.79","QUEBEC INTL A","7016293","2019-09-23","2019","09","23","","23.8","","13.9","","18.9","","0.0","","0.9","","","M","","M","","M","","","","M","","M"
"-71.39","46.79","QUEBEC INTL A","7016293","2019-09-24","2019","09","24","","14.1","","9.0","","11.6","","6.4","","0.0","","","M","","M","","M","","","","M","","M"
"-71.39","46.79","QUEBEC INTL A","7016293","2019-09-25","2019","09","25","","12.3","","8.6","","10.5","","7.5","","0.0","","","M","","M","","M","","","","M","","M"
"-71.39","46.79","QUEBEC INTL A","7016293","2019-09-26","2019","09","26","","13.4","","8.9","","11.2","","6.8","","0.0","","","M","","M","","M","","","","M","","M"
"-71.39","46.79","QUEBEC INTL A","7016293","2019-09-27","2019","09","27","","17.2","","7.4","","12.3","","5.7","","0.0","","","M","","M","","M","","","","M","","M"
"-71.39","46.79","QUEBEC INTL A","7016293","2019-09-28","2019","09","28","","15.5","","8.4","","12.0","","6.0","","0.0","","","M","","M","","M","","","","M","","M"
"-71.39","46.79","QUEBEC INTL A","7016293","2019-09-29","2019","09","29","","13.2","","2.5","","7.9","","10.1","","0.0","","","M","","M","","M","","","","M","","M"
"-71.39","46.79","QUEBEC INTL A","7016293","2019-09-30","2019","09","30","","12.1","","1.9","","7.0","","11.0","","0.0","","","M","","M","","M","","","","M","","M"
"-71.39","46.79","QUEBEC INTL A","7016293","2019-10-01","2019","10","01","","9.4","","7.2","","8.3","","9.7","","0.0","","","M","","M","","M","","","","M","","M"
"-71.39","46.79","QUEBEC INTL A","7016293","2019-10-02","2019","10","02","","9.1","","-0.4","","4.4","","13.6","","0.0","","","M","","M","","M","","","","M","","M"
"-71.39","46.79","QUEBEC INTL A","7016293","2019-10-03","2019","10","03","","9.5","","-2.4","","3.6","","14.4","","0.0","","","M","","M","","M","","","","M","","M"
"-71.39","46.79","QUEBEC INTL A","7016293","2019-10-04","2019","10","04","","8.5","","2.8","","5.7","","12.3","","0.0","","","M","","M","","M","","","","M","","M"
"-71.39","46.79","QUEBEC INTL A","7016293","2019-10-05","2019","10","05","","13.3","","-0.3","","6.5","","11.5","","0.0","","","M","","M","","M","","","","M","","M"
"-71.39","46.79","QUEBEC INTL A","7016293","2019-10-06","2019","10","06","","10.7","","0.0","","5.4","","12.6","","0.0","","","M","","M","","M","","","","M","","M"
"-71.39","46.79","QUEBEC INTL A","7016293","2019-10-07","2019","10","07","","13.5","","10.2","","11.9","","6.1","","0.0","","","M","","M","","M","","","","M","","M"
"-71.39","46.79","QUEBEC INTL A","7016293","2019-10-08","2019","10","08","","16.2","","2.5","","9.4","","8.6","","0.0","","","M","","M","","M","","","","M","","M"
"-71.39","46.79","QUEBEC INTL A","7016293","2019-10-09","2019","10","09","","15.7","","1.6","","8.7","","9.3","","0.0","","","M","","M","","M","","","","M","","M"
"-71.39","46.79","QUEBEC INTL A","7016293","2019-10-10","2019","10","10","","15.8","","2.6","","9.2","","8.8","","0.0","","","M","","M","","M","","","","M","","M"
"-71.39","46.79","QUEBEC INTL A","7016293","2019-10-11","2019","10","11","","16.3","","2.4","","9.4","","8.6","","0.0","","","M","","M","","M","","","","M","","M"
"-71.39","46.79","QUEBEC INTL A","7016293","2019-10-12","2019","10","12","","12.4","","7.7","","10.1","","7.9","","0.0","","","M","","M","","M","","","","M","","M"
"-71.39","46.79","QUEBEC INTL A","7016293","2019-10-13","2019","10","13","","14.8","","1.8","","8.3","","9.7","","0.0","","","M","","M","","M","","","","M","","M"
"-71.39","46.79","QUEBEC INTL A","7016293","2019-10-14","2019","10","14","","15.9","","-0.6","","7.7","","10.3","","0.0","","","M","","M","","M","","","","M","","M"
"-71.39","46.79","QUEBEC INTL A","7016293","2019-10-15","2019","10","15","","12.0","","-0.2","","5.9","","12.1","","0.0","","","M","","M","","M","","","","M","","M"
"-71.39","46.79","QUEBEC INTL A","7016293","2019-10-16","2019","10","16","","13.3","","0.8","","7.1","","10.9","","0.0","","","M","","M","","M","","","","M","","M"
"-71.39","46.79","QUEBEC INTL A","7016293","2019-10-17","2019","10","17","","10.5","","5.2","","7.9","","10.1","","0.0","","","M","","M","","M","","","","M","","M"
"-71.39","46.79","QUEBEC INTL A","7016293","2019-10-18","2019","10","18","","11.7","","3.3","","7.5","","10.5","","0.0","","","M","","M","","M","","","","M","","M"
"-71.39","46.79","QUEBEC INTL A","7016293","2019-10-19","2019","10","19","","9.7","","-1.0","","4.4","","13.6","","0.0","","","M","","M","","M","","","","M","","M"
"-71.39","46.79","QUEBEC INTL A","7016293","2019-10-20","2019","10","20","","10.7","","-2.0","","4.4","","13.6","","0.0","","","M","","M","","M","","","","M","","M"
"-71.39","46.79","QUEBEC INTL A","7016293","2019-10-21","2019","10","21","","14.9","","-1.1","","6.9","","11.1","","0.0","","","M","","M","","M","","","","M","","M"
"-71.39","46.79","QUEBEC INTL A","7016293","2019-10-22","2019","10","22","","10.7","","6.7","","8.7","","9.3","","0.0","","","M","","M","","M","","","","M","","M"
"-71.39","46.79","QUEBEC INTL A","7016293","2019-10-23","2019","10","23","","9.2","","3.9","","6.6","","11.4","","0.0","","","M","","M","","M","","","","M","","M"
"-71.39","46.79","QUEBEC INTL A","7016293","2019-10-24","2019","10","24","","10.8","","2.7","","6.8","","11.2","","0.0","","","M","","M","","M","","","","M","","M"
"-71.39","46.79","QUEBEC INTL A","7016293","2019-10-25","2019","10","25","","9.2","","1.3","","5.3","","12.7","","0.0","","","M","","M","","M","","","","M","","M"
"-71.39","46.79","QUEBEC INTL A","7016293","2019-10-26","2019","10","26","","10.4","","-0.8","","4.8","","13.2","","0.0","","","M","","M","","M","","","","M","","M"
"-71.39","46.79","QUEBEC INTL A","7016293","2019-10-27","2019","10","27","","6.3","","-1.5","","2.4","","15.6","","0.0","","","M","","M","","M","","","","M","","M"
"-71.39","46.79","QUEBEC INTL A","7016293","2019-10-28","2019","10","28","","8.0","","3.6","","5.8","","12.2","","0.0","","","M","","M","","M","","","","M","","M"
"-71.39","46.79","QUEBEC INTL A","7016293","2019-10-29","2019","10","29","","12.3","","7.4","","9.9","","8.1","","0.0","","","M","","M","","M","","","","M","","M"
"-71.39","46.79","QUEBEC INTL A","7016293","2019-10-30","2019","10","30","","14.5","","6.0","","10.3","","7.7","","0.0","","","M","","M","","M","","","","M","","M"
"-71.39","46.79","QUEBEC INTL A","7016293","2019-10-31","2019","10","31","","6.5","","5.3","","5.9","","12.1","","0.0","","","M","","M","","M","","","","M","","M"
"-71.39","46.79","QUEBEC INTL A","7016293","2019-11-01","2019","11","01","","7.4","","1.1","","4.3","","13.7","","0.0","","","M","","M","","M","","","","M","","M"
"-71.39","46.79","QUEBEC INTL A","7016293","2019-11-02","2019","11","02","","3.9","","-1.3","","1.3","","16.7","","0.0","","","M","","M","","M","","","","M","","M"
"-71.39","46.79","QUEBEC INTL A","7016293","2019-11-03","2019","11","03","","5.2","","-0.5","","2.4","","15.6","","0.0","","","M","","M","","M","","","","M","","M"
"-71.39","46.79","QUEBEC INTL A","7016293","2019-11-04","2019","11","04","","5.2","","-3.0","","1.1","","16.9","","0.0","","","M","","M","","M","","","","M","","M"
"-71.39","46.79","QUEBEC INTL A","7016293","2019-11-05","2019","11","05","","7.4","","2.6","","5.0","","13.0","","0.0","","","M","","M","","M","","","","M","","M"
"-71.39","46.79","QUEBEC INTL A","7016293","2019-11-06","2019","11","06","","3.4","","-4.0","","-0.3","","18.3","","0.0","","","M","","M","","M","","","","M","","M"
"-71.39","46.79","QUEBEC INTL A","7016293","2019-11-07","2019","11","07","","0.9","","-4.1","","-1.6","","19.6","","0.0","","","M","","M","","M","","","","M","","M"
"-71.39","46.79","QUEBEC INTL A","7016293","2019-11-08","2019","11","08","","-0.9","","-7.6","","-4.3","","22.3","","0.0","","","M","","M","","M","","","","M","","M"
"-71.39","46.79","QUEBEC INTL A","7016293","2019-11-09","2019","11","09","","0.4","","-9.1","","-4.4","","22.4","","0.0","","","M","","M","","M","","","","M","","M"
"-71.39","46.79","QUEBEC INTL A","7016293","2019-11-10","2019","11","10","","2.6","","-6.1","","-1.8","","19.8","","0.0","","","M","","M","","M","","","","M","","M"
"-71.39","46.79","QUEBEC INTL A","7016293","2019-11-11","2019","11","11","","-4.5","","-8.7","","-6.6","","24.6","","0.0","","","M","","M","","M","","","","M","","M"
"-71.39","46.79","QUEBEC INTL A","7016293","2019-11-12","2019","11","12","","-4.0","","-10.5","","-7.3","","25.3","","0.0","","","M","","M","","M","","","","M","","M"
"-71.39","46.79","QUEBEC INTL A","7016293","2019-11-13","2019","11","13","","-4.0","","-12.8","","-8.4","","26.4","","0.0","","","M","","M","","M","","","","M","","M"
"-71.39","46.79","QUEBEC INTL A","7016293","2019-11-14","2019","11","14","","-4.8","","-16.5","","-10.7","","28.7","","0.0","","","M","","M","","M","","","","M","","M"
"-71.39","46.79","QUEBEC INTL A","7016293","2019-11-15","2019","11","15","","1.8","","-14.3","","-6.3","","24.3","","0.0","","","M","","M","","M","","","","M","","M"
"-71.39","46.79","QUEBEC INTL A","7016293","2019-11-16","2019","11","16","","-5.9","","-15.4","","-10.7","","28.7","","0.0","","","M","","M","","M","","","","M","","M"
"-71.39","46.79","QUEBEC INTL A","7016293","2019-11-17","2019","11","17","","-4.8","","-18.0","","-11.4","","29.4","","0.0","","","M","","M","","M","","","","M","","M"
"-71.39","46.79","QUEBEC INTL A","7016293","2019-11-18","2019","11","18","","-0.2","","-14.0","","-7.1","","25.1","","0.0","","","M","","M","","M","","","","M","","M"
"-71.39","46.79","QUEBEC INTL A","7016293","2019-11-19","2019","11","19","","0.9","","-2.3","","-0.7","","18.7","","0.0","","","M","","M","","M","","","","M","","M"
"-71.39","46.79","QUEBEC INTL A","7016293","2019-11-20","2019","11","20","","1.5","","-0.9","","0.3","","17.7","","0.0","","","M","","M","","M","","","","M","","M"
"-71.39","46.79","QUEBEC INTL A","7016293","2019-11-21","2019","11","21","","0.8","","-1.5","","-0.4","","18.4","","0.0","","","M","","M","","M","","","","M","","M"
"-71.39","46.79","QUEBEC INTL A","7016293","2019-11-22","2019","11","22","","4.4","","-6.7","","-1.2","","19.2","","0.0","","","M","","M","","M","","","","M","","M"
"-71.39","46.79","QUEBEC INTL A","7016293","2019-11-23","2019","11","23","","-2.9","","-9.8","","-6.4","","24.4","","0.0","","","M","","M","","M","","","","M","","M"
"-71.39","46.79","QUEBEC INTL A","7016293","2019-11-24","2019","11","24","","1.1","","-4.2","","-1.6","","19.6","","0.0","","","M","","M","","M","","","","M","","M"
"-71.39","46.79","QUEBEC INTL A","7016293","2019-11-25","2019","11","25","","2.6","","-1.5","","0.6","","17.4","","0.0","","","M","","M","","M","","","","M","","M"
"-71.39","46.79","QUEBEC INTL A","7016293","2019-11-26","2019","11","26","","4.4","","-0.9","","1.8","","16.2","","0.0","","","M","","M","","M","","","","M","","M"
"-71.39","46.79","QUEBEC INTL A","7016293","2019-11-27","2019","11","27","","2.2","","-2.8","","-0.3","","18.3","","0.0","","","M","","M","","M","","","","M","","M"
"-71.39","46.79","QUEBEC INTL A","7016293","2019-11-28","2019","11","28","","2.4","","-2.4","","0.0","","18.0","","0.0","","","M","","M","","M","","","","M","","M"
"-71.39","46.79","QUEBEC INTL A","7016293","2019-11-29","2019","11","29","","-2.1","","-15.3","","-8.7","","26.7","","0.0","","","M","","M","","M","","","","M","","M"
"-71.39","46.79","QUEBEC INTL A","7016293","2019-11-30","2019","11","30","","-6.0","","-15.7","","-10.9","","28.9","","0.0","","","M","","M","","M","","","","M","","M"
"-71.39","46.79","QUEBEC INTL A","7016293","2019-12-01","2019","12","01","","-7.9","","-17.4","","-12.7","","30.7","","0.0","","","M","","M","","M","","","","M","","M"
"-71.39","46.79","QUEBEC INTL A","7016293","2019-12-02","2019","12","02","","-3.5","","-10.4","","-7.0","","25.0","","0.0","","","M","","M","","M","","","","M","","M"
"-71.39","46.79","QUEBEC INTL A","7016293","2019-12-03","2019","12","03","","-1.5","","-13.7","","-7.6","","25.6","","0.0","","","M","","M","","M","","","","M","","M"
"-71.39","46.79","QUEBEC INTL A","7016293","2019-12-04","2019","12","04","","-3.5","","-13.7","","-8.6","","26.6","","0.0","","","M","","M","","M","","","","M","","M"
"-71.39","46.79","QUEBEC INTL A","7016293","2019-12-05","2019","12","05","","-0.8","","-6.6","","-3.7","","21.7","","0.0","","","M","","M","","M","","","","M","","M"
"-71.39","46.79","QUEBEC INTL A","7016293","2019-12-06","2019","12","06","","-3.3","","-9.6","","-6.5","","24.5","","0.0","","","M","","M","","M","","","","M","","M"
"-71.39","46.79","QUEBEC INTL A","7016293","2019-12-07","2019","12","07","","-7.4","","-13.7","","-10.6","","28.6","","0.0","","","M","","M","","M","","","","M","","M"
"-71.39","46.79","QUEBEC INTL A","7016293","2019-12-08","2019","12","08","","-2.6","","-12.6","","-7.6","","25.6","","0.0","","","M","","M","","M","","","","M","","M"
"-71.39","46.79","QUEBEC INTL A","7016293","2019-12-09","2019","12","09","","1.8","","-2.7","","-0.5","","18.5","","0.0","","","M","","M","","M","","","","M","","M"
"-71.39","46.79","QUEBEC INTL A","7016293","2019-12-10","2019","12","10","","7.5","","-9.5","","-1.0","","19.0","","0.0","","","M","","M","","M","","","","M","","M"
"-71.39","46.79","QUEBEC INTL A","7016293","2019-12-11","2019","12","11","","-7.8","","-12.9","","-10.4","","28.4","","0.0","","","M","","M","","M","","","","M","","M"
"-71.39","46.79","QUEBEC INTL A","7016293","2019-12-12","2019","12","12","","-9.5","","-15.3","","-12.4","","30.4","","0.0","","","M","","M","","M","","","","M","","M"
"-71.39","46.79","QUEBEC INTL A","7016293","2019-12-13","2019","12","13","","-3.4","","-10.3","","-6.9","","24.9","","0.0","","","M","","M","","M","","","","M","","M"
"-71.39","46.79","QUEBEC INTL A","7016293","2019-12-14","2019","12","14","","3.1","","-3.7","","-0.3","","18.3","","0.0","","","M","","M","","M","","","","M","","M"
"-71.39","46.79","QUEBEC INTL A","7016293","2019-12-15","2019","12","15","","2.4","","-12.7","","-5.2","","23.2","","0.0","","","M","","M","","M","","","","M","","M"
"-71.39","46.79","QUEBEC INTL A","7016293","2019-12-16","2019","12","16","","-8.3","","-15.0","","-11.7","","29.7","","0.0","","","M","","M","","M","","","","M","","M"
"-71.39","46.79","QUEBEC INTL A","7016293","2019-12-17","2019","12","17","","-4.3","","-9.2","","-6.8","","24.8","","0.0","","","M","","M","","M","","","","M","","M"
"-71.39","46.79","QUEBEC INTL A","7016293","2019-12-18","2019","12","18","","-5.9","","-10.4","","-8.2","","26.2","","0.0","","","M","","M","","M","","","","M","","M"
"-71.39","46.79","QUEBEC INTL A","7016293","2019-12-19","2019","12","19","","-10.4","","-16.2","","-13.3","","31.3","","0.0","","","M","","M","","M","","","","M","","M"
"-71.39","46.79","QUEBEC INTL A","7016293","2019-12-20","2019","12","20","","-7.8","","-14.3","","-11.1","","29.1","","0.0","","","M","","M","","M","","","","M","","M"
"-71.39","46.79","QUEBEC INTL A","7016293","2019-12-21","2019","12","21","","-10.5","","-16.3","","-13.4","","31.4","","0.0","","","M","","M","","M","","","","M","","M"
"-71.39","46.79","QUEBEC INTL A","7016293","2019-12-22","2019","12","22","","-3.8","","-16.2","","-10.0","","28.0","","0.0","","","M","","M","","M","","","","M","","M"
"-71.39","46.79","QUEBEC INTL A","7016293","2019-12-23","2019","12","23","","2.8","","-4.5","","-0.9","","18.9","","0.0","","","M","","M","","M","","","","M","","M"
"-71.39","46.79","QUEBEC INTL A","7016293","2019-12-24","2019","12","24","","-2.2","","-14.3","","-8.3","","26.3","","0.0","","","M","","M","","M","","","","M","","M"
"-71.39","46.79","QUEBEC INTL A","7016293","2019-12-25","2019","12","25","","-6.2","","-14.2","","-10.2","","28.2","","0.0","","","M","","M","","M","","","","M","","M"
"-71.39","46.79","QUEBEC INTL A","7016293","2019-12-26","2019","12","26","","-6.4","","-13.4","","-9.9","","27.9","","0.0","","","M","","M","","M","","","","M","","M"
"-71.39","46.79","QUEBEC INTL A","7016293","2019-12-27","2019","12","27","","0.6","","-6.4","","-2.9","","20.9","","0.0","","","M","","M","","M","","","","M","","M"
"-71.39","46.79","QUEBEC INTL A","7016293","2019-12-28","2019","12","28","","1.9","","-3.6","","-0.9","","18.9","","0.0","","","M","","M","","M","","","","M","","M"
"-71.39","46.79","QUEBEC INTL A","7016293","2019-12-29","2019","12","29","","-1.4","","-7.8","","-4.6","","22.6","","0.0","","","M","","M","","M","","","","M","","M"
"-71.39","46.79","QUEBEC INTL A","7016293","2019-12-30","2019","12","30","","-3.7","","-8.2","","-6.0","","24.0","","0.0","","","M","","M","","M","","","","M","","M"
"-71.39","46.79","QUEBEC INTL A","7016293","2019-12-31","2019","12","31","","-2.7","","-4.5","","-3.6","","21.6","","0.0","","","M","","M","","M","","","","M","","M"
